id;first_name;last_name;email;phone;address
1;Uyên Thy;Trịnh;"%Ngfp@Z-rh.7<";022 1023 4402;gah
2;Thế Quyền;Nguyễn;"28c~B@k^.ofd";028 2127 3790;happy-go-lucky ick
3;Quỳnh Hoa;Trần;"'{NJp@dW.qYs9ve";0256 9524 9842;medium quizzically dazzling
4;Lập Nghiệp;Bùi;"it@|.{wLnT+";027 9148 2048;convalesce developmental limping
5;Minh Nghĩa;Vũ;"QB8@_I#oKC.G";0225 7293 3397;midst when mid
6;Tuấn Long;Đinh;"o@XN)k.F;[_*";0292 1521 0429;sick worth indeed
7;Ngọc Huy;Trịnh;"CoW@]1'.</W{6";0262 3470 3961;though
8;Song Kê;Lê;",@qI#y2.&EUc";026 6182 5820;towards
9;Nam Việt;Vương;">Nv*(I@P=H%.g8~'";025 7389 3134;hence amidst
10;Hồng Thu;Hà;"/@_$#.G>sTv";0213 6110 7109;analogy official
11;Toàn Thắng;Mai;"|?tR@:.Kb";0224 7044 2945;clumsy that however
12;Thúy Mai;Lâm;"e_xFs@Y6$kd.?*y6";023 6199 5383;middle upon
13;Quốc Trường;Nguyễn;"WvaZ@Po.U!hrQ";0292 6836 3938;bathhouse
14;Tiến Đức;Lê;"'=_@tr8`6W.D{";0252 8548 7611;catalyst phooey including
15;Thanh Đạo;Nguyễn;"QWrPAb@n~.ADL;b";0206 2579 8963;amid refine
16;Hải Dương;Phùng;"d-9u]@H:2eby.3/";026 6240 6866;cannibalise
17;Bảo Châu;Phùng;"'@46\.L!^";027 3406 6128;gosh anenst um
18;Công Hậu;Tăng;"0@[Ia.iNX";028 7722 6209;fake
19;Đình Hợp;Đào;"BcE=)@zUCAk^.FJEG2";0200 7297 1335;gastropod
20;Định Lực;Đoàn;"!b@Qwxrw.7&f6I,";0202 0867 9114;faithfully depart whether
21;Sông Hương;Đỗ;"-Jj\p@p#.|F5889";029 7897 2704;how
22;Chánh Việt;Hồ;"-dUNi@iA.gb9{,";0236 1803 8213;drive where preside
23;Thái Bình;Hoàng;"n-@}]..Hktg";021 8120 4385;zealous
24;Thu Liên;Tô;"%zQ@i6%.`Ed>x4";0252 8648 4392;soon
25;Việt Ngọc;Phan;"!ralNR@)f(nI.u";029 1412 8150;helpfully mothball
26;Minh Tân;Vương;"XH*@^.v^";025 5791 2472;whoa phew faithfully
27;Quỳnh Như;Hà;"C.6@rMgu\c.Mx?~`#";022 2219 0446;mantua transom
28;Tâm Hằng;Nguyễn;"#+\@}.'S_r.OM[W";0204 6284 3019;planula upliftingly
29;Minh Thu;Đoàn;"D5>T@L?.3";0209 7787 3056;precious what
30;Hồng Việt;Đinh;"ov@E^aGq#.\g";021 2698 5659;down messy
